DocumentID,ProjectName,DocumentName,DocumentURI,HTTPStatusCode,ErrorReason,Desc,Notes,Category,AddedOn
58,iEDX-Haystack,Haystack iEDX harware Bringup revised shedule ,https://docs.google.com/spreadsheets/d/1Vji49TQgLQ9sbkRHwfeSdRPkWSok0Omg/edit#gid=898598958,410,HTTP 410,Haystack iEDX harware Bringup revised shedule ,,Schedule,1/17/2022
307,iEDX-Haystack,HRD review comments HDX,https://docs.google.com/spreadsheets/d/1PTnxAsNpU4y7Gq-F6AEL3Rzod7UBYjAS/edit?usp=sharing&ouid=114256007696078298953&rtpof=true&sd=true,410,HTTP 410,,,General,4/13/2022
101,TrackV Firmware,TrackV hardware boards Tracking sheet,https://docs.google.com/spreadsheets/d/1KH2T4MM7YRybBs3m__AazG7Z7USolMa1Q2oyPthtITA/edit#gid=0,410,HTTP 410,,,TechDoc,1/31/2022
43,iEDX-Haystack,Board Bringup Plan ,https://docs.google.com/spreadsheets/d/19h63Yb8hkX2CxskGsId80jL6sIgVyaQ1MCpqxs9lKf4/edit#gid=352468169,410,HTTP 410,Board bringup plan ,,Schedule,1/11/2022
40,HR,Git ID Lists,https://docs.google.com/spreadsheets/d/18RLDHoIcXLF_mTFV42bQkrkTJZMyqoCsRHmR6WP9XbQ/edit?usp=sharing,410,HTTP 410,employee git id list ( gitid git ),,HR,1/3/2022
170,General,Ariatele Wifi Enabling Proposal,https://docs.google.com/document/d/1S_yyirpj_FscMLqLq-6ONBXAf_Ax-2y6/edit,410,HTTP 410,,,Proposal,2/18/2022
264,iEDX-Haystack,FDA Frequency Sample duration Calculations,https://docs.google.com/spreadsheets/d/1iE-NCDJVilkwQmObyt-izEKMWqc3XXkYEyScAN8BfjM/edit#gid=0,410,HTTP 410,,,General,3/31/2022
66,IOMT Platform,IOMT Step-Step Tenant and Cutomer account setup PPT,https://docs.google.com/presentation/d/1BCwnaXl_q4sd5FA_ONO6_owUESgSL2DlhXvQQSKNruQ/edit#slide=id.gdc6316f5a0_0_172,410,HTTP 410,IOMT Step-Step Tenant and Cutomer account setup PPT,,TechDoc,1/21/2022
209,General,Inventory List and Old laptop list,https://docs.google.com/spreadsheets/d/1qzUvS12qSQcypot9mkz6g_5iJHq-6Ege1Va0YIGnTH8/edit?usp=sharing,410,HTTP 410,,,General,3/8/2022
260,iEDX-Haystack,EMG systems comparison for FDA,https://docs.google.com/document/d/1u8ZUmsEuQPo9SK5D6imvW1U-3bDJmfNJ/edit,410,HTTP 410,,,TechDoc,3/30/2022
288,iEDX-Haystack,FDA questions Sheila,https://docs.google.com/document/d/1UUTkTe0xEToQOAZBo9wvt2ynzk9GZHTX/edit,410,HTTP 410,,,General,4/7/2022
37,HR,Leave Tracking Sheet,https://docs.google.com/spreadsheets/d/1jOPm7Qddc9_LiWDJr-fvTbRVJcGTrsYIfMdFZwVFBUI/edit?usp=sharing,410,HTTP 410,Leave Tracking Sheet ,,HR,1/3/2022
38,HR,Purchase and Expense Account Statement,https://docs.google.com/spreadsheets/d/1zLSpeEwYZTOzX69uqOZhRw54V7RWmY6nn918G_roUcA/edit?usp=sharing,410,HTTP 410,Purchase and Expense Account Statement,,Accounts,1/3/2022
333,iEDX-Haystack,HDX Pending docs to deliver,https://docs.google.com/spreadsheets/d/1KDm9kVLj8TCoyuOhjhL34iwvvtTmZJl5tCS5cm2JuVM/edit#gid=0,410,HTTP 410,,,General,4/20/2022
358,NEERS Hardware and Firmware,Stimulus generating ckt single darlington pair,https://docs.google.com/document/d/1a3Nopvu3SfxE8Hu93QqRehFqWG8RjNDtySKXuiWacus/edit,410,HTTP 410,,,General,4/26/2022
440,NEERS Hardware and Firmware,NEERS Solution by previous vendor videos,https://drive.google.com/drive/folders/1OPTaZLlgHlbvDBVYPdjwvlBuzOSm8WQp,404,HTTP 404,,,General,5/20/2022
427,NEERS Hardware and Firmware,Videos of Bostock system demo given to Bipin during Us Visit NEERS,https://drive.google.com/drive/folders/12l-SuQt7MAyXWquzIPGeVtOVGg2wCztk,404,HTTP 404,,,General,5/17/2022
460,Spacelab DIS,Sibel Patch Spacelab Bedside Monitor PPT prepared to present to zach to finalize the plan,https://docs.google.com/presentation/d/1RZaVW-DonzFQtHQWfl5rvofWzWazJ6cQ/edit#slide=id.g12ce381cba0_2_20,410,HTTP 410,Prepared by whole team ,,General,5/24/2022
473,Spacelab Projects,Khaleel spacelab tour report Bhopal chandighar,https://docs.google.com/document/d/1DWRlAYgjcU78hH0cswlZa34oGLq4OF1Z6kkGbvIydUY/edit,410,HTTP 410,,,General,5/27/2022
479,General,Laryngoscope Components by Jijil BPL ,https://docs.google.com/document/d/1Kc7SR4F87B6hLItypqBjoyLAaSx6Fb2Ar2gKIfna95M/edit?usp=sharing,410,HTTP 410,doc prepared for bipin discussions to collect data,,General,5/30/2022
480,General,DEFIBRILLATOR BASICS by jijil,https://docs.google.com/document/d/1SV4JI8c6Mjrie2Mhs8uT7NFqHvDFrnW2xQSrfiXEMfo/edit?usp=sharing,410,HTTP 410,Prepared for BPL discussions - for Bpin to talk points,,General,5/30/2022
481,IOMT Platform,CMS UI By Khaleel,https://docs.google.com/document/d/1F6d-kDUJmHv4I5PffNDhWAjgjlKnYiNmh6iSWblO9AY/edit,410,HTTP 410,,,General,5/30/2022
474,General,Ensilica reserach document prepared by Jijil,https://docs.google.com/document/d/166pyIYinTmckHZSR3KO3Wh4Rpe4EXYhNxzPvocjZ6yo/edit,410,HTTP 410,,,General,5/27/2022
633,iEDX-Haystack,IO Demod stepped sine test results for firmware implemntation,https://docs.google.com/spreadsheets/d/1OXXV2kNwX8kvLKLm1JB80Ht078wWB0gV/edit#gid=1153085930,410,HTTP 410,,,General,8/5/2022
649,iEDX-Haystack,IDX Firmware Release Note 8-16-2022,https://docs.google.com/document/d/1PKTo9YVVNPYoWK45dwIxTJUpRos4ANvf/edit,410,HTTP 410,,,General,8/17/2022
656,IOMT Platform,Dharward IPD HMS Integration Tasks and schedule,https://docs.google.com/spreadsheets/d/10myTHiCo6NDStNoKn_mVVSDofo7QBtX9VT3XEL15PjY/edit?usp=sharing,410,HTTP 410,,,General,8/18/2022
734,iEDX-Haystack,IQDemod with data collected using firmware with out FPGA,https://drive.google.com/drive/folders/1w5s5LRLgiwRbCOz74tlUaZNz3LwQHamC,404,HTTP 404,IQDemod with data collected using firmware with out FPGA,,General,9/2/2022
911,General,Blockage Detection in Endotracheal Tube,https://docs.google.com/presentation/d/1BQemYSBLW70bYnmTFtH_yYFD257RSgMF/edit#slide=id.p1,410,HTTP 410,,,General,11/8/2022
942,Sibel App,Sibel Design and Architecture Document SpaceLab Hub,https://docs.google.com/document/d/1TpvDA2UDAoNvtUzWnm0695bjOOn6DupM8DHLzWUFQQw/edit?usp=sharing,410,HTTP 410,,,General,11/15/2022
1248,General,Sibel Stand Docking Station SOW,https://docs.google.com/document/d/1kBWQWDH4dzUv3hJ24rtjTuhMR4GfOD7T/edit,410,HTTP 410,,,SOW,20-01-2023
1284,General,Health Patch Schedule - SOW,https://docs.google.com/spreadsheets/d/1ZL4GXSo2-MXWZ5lY9I8VhOViiYjvDUDaS7kRZmLROJc/edit#gid=9867960,410,HTTP 410,,,Schedule,25-01-2023
1286,General,LuxiSense Sow 1.5,https://docs.google.com/document/d/1RMw3ttxBY8utBamrLszbyeC6GJKrf2nV/edit,410,HTTP 410,,,General,25-01-2023
1460,General,Health patch SOW 1.4,https://docs.google.com/document/d/121SO8GzBRkO7I1pewqYP8R5rxi8wmMUh/edit?usp=sharing&ouid=114256007696078298953&rtpof=true&sd=true,410,HTTP 410,,,SOW,21-02-2023
1849,General,Health patch PTT bioimpedance SOW V 1.4,https://docs.google.com/document/d/121SO8GzBRkO7I1pewqYP8R5rxi8wmMUh/edit,410,HTTP 410,,,TechDoc,03-04-2023
1760,Sibel App,SpaceLab (SLHUB) Bedside Monitor Development Full Proposal SOW,https://docs.google.com/document/d/1p8BCY_sqUMGx-kfFwfXqrxjLeZD7i5zeIahG_h0Os2k/edit#,410,HTTP 410,,,SOW,30-03-2023
1848,General,Health patch PTT,https://docs.google.com/document/d/1vUz_P-M-OrhQq_aeEGbiYKrWcMfXWCKev3N8W-E_ov4/edit#heading=h.gjdgxs,410,HTTP 410,,,TechDoc,03-04-2023
1850,General,Health patch Research Phase SOW PTT Bioimpednace desktop system ,https://docs.google.com/document/d/1l5Kp2Krg1m0ZRN9uFq3MQyAS-lFcxZ2d/edit#heading=h.gjdgxs,410,HTTP 410,,,Documents,03-04-2023
2101,General,Body Mount Multi Paramter Monitoring System for Kottayam Medical college SOW,https://docs.google.com/document/d/1fYOBQk0jmkP9vu9Fk12EISU5pEWobDst-FDuUl2dSlM/edit,410,HTTP 410,,,SOW,18-04-2023
2447,General,IR Emiter and  Detectors for CAMS project,https://docs.google.com/spreadsheets/d/1U798zZhh9BoDAezuYmMIWPakMs5hVzvdaTUwjSwHIzM/edit#gid=0,410,HTTP 410,,,General,06-06-2023
2458,NEERS Hardware and Firmware,NEERS AT+COMMANS at+command,https://docs.google.com/document/d/1NPXvpIeBrvoRezlqg-pcEBtPlWDJXb66GVcMjLiKg-I/edit#heading=h.knd4c4hjb0dc,410,HTTP 410,,,TechDoc,08-06-2023
2610,BPL CPAB,BPL BeWell app development Schedule,https://docs.google.com/spreadsheets/d/1IUtbgTE04OomuE_rAKHK6_FYhQq1n68m-8eeZv3_E5w/edit#gid=0,410,HTTP 410,,,General,03-07-2023
3467,NEERS Hardware and Firmware,Report on Threshold Electrotonus Protocol Implementation,https://docs.google.com/document/d/1NoThQDWOmNdvE41nkMRYS5AJknuWuneoHWzqiCW8xkE/edit#heading=h.ktlgs2b9rltt,410,HTTP 410,,,TechDoc,15-11-2023
3673,FDA iBSM Sibel App,iBSM-URS v0.1,https://docs.google.com/document/d/1dYnDFob8EY2ZHax1FvRfrn2-kVegoe5nF8_YLmsD_rM/edit,410,HTTP 410,,,General,12-12-2023
3674,FDA iBSM Sibel App,iBSM-PRS v 0.2,https://docs.google.com/document/d/1e1MqL-mDhNlo8bMnB95Oa7-uJ8GCaq37Jf9TqfQcPgI/edit,410,HTTP 410,,,General,12-12-2023
3937,NEERS Hardware and Firmware,NEERSV2.1.1 FB Response Reply for seward mail on NEERS box testing,https://docs.google.com/document/d/1Bc0jrNbB_9ig1d5ICAgc9oNWe4QAFMJR3R_Z7SyaZ_k/edit#heading=h.o11b5aqaxa83,410,HTTP 410,,,TechDoc,30-01-2024
5628,General,80 beats Vascular sensor & edge Device ,https://docs.google.com/spreadsheets/d/1o1Mh3WBE0g2srT6wDbp4zQb9Tcx0J7HmrehmEUsLtOg/edit?usp=drivesdk,410,HTTP 410,,,TempFiles,22-11-2024
5678,FamilyDocs,testing results,https://docs.google.com/spreadsheets/d/1674bMCu4tdPTF3cBIkEDg4D2l_3e_VuXegjMHj_wywM/edit?usp=drivesdk,410,HTTP 410,"The document highlights usability issues in a mobile application, including inconsistent back button behavior, unreliable sign-in, and problems with document upload, visibility, and layout.  Many suggested improvements focus on user guidance, error prevention, and interface clarity.",,General,22-11-2024
5853,General,Sibel Sensor Testing Status,https://docs.google.com/spreadsheets/d/1hS-vRsEFbDC5TpF3ByeiAr4EFmuquCLc8pY2TEQpgac/edit?usp=drivesdk,410,HTTP 410,,,TempFiles,22-11-2024
5856,FDA iBSM Sibel App,Cybersecurity & wireless connectivity Requirements Questionnaire for IFU,https://docs.google.com/document/d/1GqjHkLIJuyjK519A4KRCgG3XXJiZbbc_oI_ubyqEYOE/edit?usp=drivesdk,410,HTTP 410,"This cybersecurity questionnaire assesses the security of the iBSM system (tablet PC, external server, sensors), covering secure app settings, MDM, port closure, kiosk mode, password configurations, incident response (contacting iOrbit), encryption (Ratnakar's instructions), secure decommissioning, forensic evidence capture (log files), wireless security, and sensor separation distances.",,Medical Device Security,22-11-2024
5930,General,DiaHome.pptx,https://docs.google.com/presentation/d/1R4__nWWJulw0l9YlditBf3meI1elpciw/edit?usp=drivesdk&ouid=114256007696078298953&rtpof=true&sd=true,410,HTTP 410,,,TempFiles,22-11-2024
6213,FamilyDocs,work task,https://docs.google.com/spreadsheets/d/1UCuNzwtjCUTo_pzG3JvGNdSc5IuRi15YfpSu1NwfRFw/edit?usp=drivesdk,410,HTTP 410,"The document describes numerous bugs and performance issues in a mobile application impacting functionality and user experience.  Issues include problems with address input, delivery, quantity updates, cart display, item descriptions, login, OTP, search, pricing, order completion, and UI/UX elements.",,Software Development,22-11-2024
6287,BMPM,BMPMS Weekly status call- iOrbit / Dr. Joze – 2024/09/27 15:58 IST – Transcript 2,https://docs.google.com/document/d/1hy9paA7EH9OL5wggNpAc6ogs2momvFyEIgjuVyP0heE/edit?usp=drivesdk,410,HTTP 410,"Weekly status call transcript focusing on iOrbit device disinfection procedures, temperature probe placement and readings (core vs. peripheral), and customizable alarm thresholds.  The presentation included photos and videos.",,Medical Device,22-11-2024
6669,General,work task from 24th May to July ,https://docs.google.com/spreadsheets/d/13JubssygC5fHQpBOZOEZt484aAal5mbhreSB9duWm28/edit?usp=drivesdk,410,HTTP 410,,,TempFiles,22-11-2024
7248,General,API Key Pricing Calc,https://docs.google.com/spreadsheets/d/1AoTIeAy_kKPy7HA8mCxXv45VkkJ0K5D51UVpgRVY19Q/edit?usp=drivesdk,410,HTTP 410,,Failed to extract text from Google Drive URL.,TempFiles,04-12-2024
7394,General,IO-80BEATS-FDD-001.docx,https://docs.google.com/document/d/1EEF3MHOkTP5U5VoCpF0h28Nww1ik4udK/edit?usp=drivesdk&ouid=114256007696078298953&rtpof=true&sd=true,410,HTTP 410,,Failed to extract text from Google Drive URL.,TempFiles,10-12-2024
7447,FDA iBSM Sibel App,scan-of-PRINTFILE-iBSM-RAC-01-A3Landscape-new [1]_merge 3,https://docs.google.com/document/d/1iHrXRSw2LyTehnuXhdYjAFtH-xkhXmXQpMzT0qbrNro/edit?usp=drivesdk,410,HTTP 410,"This document performs a risk analysis of the iBSM medical device, identifying hazards like skin irritation and electric shock. It assesses risks using a matrix, proposes mitigation strategies (design improvements, instructions, testing), and evaluates residual risk after implementing controls.",,Medical Device,12-12-2024
